category,target_url,intent_class,12mo_revenue_proxy_usd,12mo_clicks_gsc,12mo_impressions_gsc,avg_position_gsc,ctr_gsc,seasonality_window,active_product_count,inventory_depth_signal,inventory_age_signal,inventory_driven_opportunity,competitive_difficulty,priority_tier,confidence_label,weighted_score,rationale,notes
Mexico,/collections/mexico,transactional + commercial (foreign),"n/a per-collection; Apparel category $813,198",156,119131,28.44,0.13%,WC sprint catalyst Jun-Jul 2026; year-round LA-diaspora demand,45,High,Stable (proxy),No,"Medium-High (inferred from SERP; DataForSEO KD not returned; volume 74,000/mo +173% quarterly)",Tier 1,High,83.5,"Largest single sprint opportunity by volume × impression pool × diaspora moat. 119,131 GSC impressions at position 28.4 [_top-pages.csv row 93]; 74,000/mo volume +173% quarterly trend [DFS keyword_overview 2026-04-26]; Carlos avatar bullseye [04-customer-avatars.md].","Phase 2 Task 2 reset expectations from Phase 1's claimed pos 9-14; this is rebuild scope not polish."
Futsal / Indoor Shoes,/collections/futsal-shoes (and blogs/footwear/best-futsal-shoes-indoor),transactional,"Footwear category $978,690; futsal subset proxy",2227,481463,11.01,0.46%,Winter indoor peak Dec-Jan,proxy via collection scan,Medium-High (inferred),Stable (proxy),No,"Medium (HIGH paid competition; KD not returned by DFS; ProSoccer already ranking)",Tier 1,High,74.75,"best-futsal-shoes blog at 2,227 clicks pos 11.01 is the site's single largest non-brand traffic source [_top-pages.csv row 3]; futsal shoes 14,800/mo volume [DFS]; Tyler-avatar fit; surface-specificity matches High-Performance Expert positioning [00-business-overview.md].","Compounding asset; runs in parallel with WC sprint, not inside it."
Italy,/collections/italy,transactional,"n/a per-collection; Apparel category $813,198",635,138080,13.99,0.46%,WC sprint catalyst,42,High,Stable (proxy),No,"Medium (KD not returned by DFS; volume 3,600/mo +125% quarterly +50% yearly)",Tier 1,High,74,"138,080 GSC impressions at pos 13.99 [_top-pages.csv row 22]; CTR ceiling lever (0.46% currently) is the primary unlock via meta description rewrite; LA Italian-American secondary diaspora.",CTR ceiling matters more than position lift here; sprint Layer 1 fast polish.
El Salvador,/collections/el-salvador,commercial,"n/a per-collection; Apparel category $813,198",351,76858,10.8,0.46%,WC catalyst + year-round Hispanic demand,42,High,Stable (proxy),No,"Medium (KD not returned by DFS; volume 5,400/mo +86% quarterly)",Tier 1,High,70.75,"Lowest-effort highest-return on the sprint board: page is broken (default title; empty meta description; bare H1) yet ranks pos 10.8 with 76,858 impressions [_top-pages.csv row 32]; basic optimization pass is the entire scope.","Sprint Layer 1 quick fix; same broken-meta pattern as Honduras but with deep inventory."
Guatemala,/collections/guatemala,transactional + commercial (foreign),"n/a per-collection; Apparel category $813,198",652,99864,9.36,0.65%,Copa Oro + WC adjacent,38,High,Stable (proxy),No,"Medium (KD not returned by DFS; volume 2,900/mo +46% quarterly)",Tier 1,High,70.75,"Already top-of-page-1 at pos 9.36 with 99,864 impressions [_top-pages.csv row 20]; polish-and-publish work scope; title doesn't carry WC2026 (Template B) which is a fixable gap.","Sprint Layer 1 fast polish; Carlos avatar via Copa Oro context."
Goalkeeper (cross-collection),"/collections/goalkeeper-jerseys, /collections/goalkeeper-pants, /collections/field-player-gloves, /blogs/goalkeeper/best-goalkeeeper-gloves, /blogs/footwear/best-soccer-cleats-goalkeepers",commercial + transactional,"$80,000-$120,000 reattributed proxy (face-value $53,768 [sales-by-product-type.csv row 6] understated; goalkeeper-tagged products span Apparel and Footwear)",3352 (5-page cluster),512500 (5-page cluster),12.74 (impression-weighted),0.65% (cluster total),Year-round; mild spring spike Feb-May,proxy via collection scan,Medium (inferred),Stable (proxy),Yes (Goal 1 explicit niche),"Medium (best goalkeeper gloves 3,600/mo HIGH competition [DFS]; goalkeeper jerseys 5,400/mo HIGH competition [DFS]; KD not returned; KeeperStop and GK Saviour are niche peers)",Tier 1,Medium,70.25,"Goal 1 explicitly names: ""We have real expertise; most competitors don't"" [06-business-goals.md]; cluster of 5 keeper-related URLs ranking with combined 512,500 impressions [_top-pages.csv rows 9, 11, 13, 47, 74]; Tyler + Jennifer dual-avatar fit (performance + safety).","Revenue proxy is Medium confidence pending DataFeedWatch product-tag data; v2 firms up revenue figure."
USMNT,/collections/united-states-men-women,transactional,"n/a per-collection; Apparel category $813,198",53,79559,45.84,0.07%,WC host-country catalyst,45,High,Stable (proxy),No,"Medium-High (inferred; volume 33,100/mo +395% monthly +643% yearly per DFS — steepest catalyst on board)",Tier 1,Medium,69.5,"HARD BLOCKER: 3 overlapping US collection URLs splitting link equity [Phase 2 Task 1]; sprint work does not begin until Technical SEO consolidates to one canonical with 301s from the others. Once consolidated, +643% yearly volume trend [DFS] makes this the steepest WC catalyst on the board.","Tier 1 conditional on URL consolidation; partial-recovery realism inside 8 weeks given pos 45.8 floor."
Player-Spotlight Template (Messi-Argentina test),/collections/messi-argentina-jersey (proposed; net-new page),commercial + transactional,"n/a per-template; depends on test outcome","791 (Lamine Yamal anchor only)","118,981 (Lamine Yamal anchor only)",10.38 (Lamine Yamal anchor),0.66% (Lamine Yamal anchor),Player form + transfers + tournaments,"varies by player; Messi-Argentina inventory assumed deep",Medium (inferred),Stable (proxy),Yes (Carlos and Tyler avatar fit),"Medium-Low (Lamine Yamal volume 33,100/mo; Messi Argentina 49,500/mo; KD not returned by DFS; Cristiano Ronaldo collection at pos 19.85 already shows pattern)",Hypothesis,"Medium-High in test design; Low in scaling assumption",68.25,"One validated proof point: /collections/lamine-yamal-jersey-fc-barcelona-spain at 791 clicks pos 10.38 with 118,981 impressions outperforms every national team page [_top-pages.csv row 14; seo-findings.md 2026-04-21]. Test page: Messi-Argentina (49,500/mo volume; reigning WC champion; Messi MLS presence creates US relevance). Measure 60 days post-launch; promote to Tier 1 if template generalizes.","Vinicius-Brazil is v2 test if Messi proves generalization."
South Korea,/collections/south-korea,informational + transactional + commercial,"n/a per-collection; Apparel category $813,198",642,49456,12.61,1.3%,WC catalyst + year-round Korean-American demand,18,Medium (marginal pass on 15-product gate),Stable (proxy),No,"Low (DataForSEO KD=3 confirmed; volume 3,600/mo +125% yearly)",Tier 2,Medium,64,"Honest framework score is sub-70 (Tier 2) due to thin inventory. Sprint Status: Layer 1 — sprint polish ships now per Goal 2 commitment. DataForSEO KD=3 confirmed (lowest in batch); 1.3% CTR is best of any country page [Phase 2 Task 2]; pos 12.61 with 49,456 impressions; +125% yearly volume trend.","Sprint Status: Layer 1. Both true: Tier 2 long-term compounding, Layer 1 sprint inclusion this quarter."
Honduras,/collections/honduras,commercial,"n/a per-collection; very small share of Apparel $813,198",120,10465,10.7,1.15%,WC + year-round small-segment demand,6,Low (FAILS 15-product gate),Aged (proxy; 6 products),No,"Medium (volume 1,900/mo +82% quarterly; KD not returned by DFS)",Tier 3 — Supply-Constrained,High,43.75,"Canonical inventory-gate failure: ranks pos 10.7 with 1.15% CTR on 10,465 impressions [_top-pages.csv row 123] but only 6 products [Phase 2 Task 1] — fails the 15-product threshold. Metadata fix is near-zero-effort and ships inside the sprint as a quick win; heavy investment is wasted until inventory deepens.","The ""searchable but not sellable"" rule made tangible. Recommend (a) build inventory before pursuing the ranking, or (b) route demand to a higher-level Hispanic-diaspora category page."
Argentina,/collections/argentina,transactional,"n/a per-collection; Apparel category $813,198",181,138797,17.56,0.13%,WC reigning-champion catalyst,45,High,Stable (proxy),No,"Medium-High (inferred; Messi tailwind; HIGH paid competition)",Tier 2,High,60,"138,797 GSC impressions at pos 17.56 [_top-pages.csv row 80]; deep inventory; Messi tailwind; CTR ceiling lever; promote to Tier 1 candidate post-sprint if Messi-Argentina player-spotlight test validates the template.",Strong v2 candidate; reigning WC champion creates sustained demand.
Holland (Netherlands),/collections/holland,commercial,"n/a per-collection; Apparel category $813,198",393,127612,10.53,0.31%,WC catalyst,42,High,Stable (proxy),No,"Medium (inferred)",Tier 2,High,60,"Already on page 1 at pos 10.53 with 127,612 impressions [_top-pages.csv row 24]; CTR is the lever. /collections/netherlands 301-redirects in but still pulls 103 extra clicks / 19,078 impressions [Phase 2 Task 1] — both URLs healthy.","Tier 2 polish; CTR-ceiling work."
Germany,/collections/germany,transactional,"n/a per-collection; Apparel category $813,198",266,114857,18.47,0.23%,WC catalyst,45,High,Stable (proxy),No,"Medium (inferred)",Tier 2,High,58,"114,857 GSC impressions at pos 18.47 [_top-pages.csv row 48]; Q3 2026 priority post-sprint; Jan-audit named ~$76K opportunity value.","Strong page-2-to-page-1 candidate."
France,/collections/france,transactional,"n/a per-collection; Apparel category $813,198",197,82546,14.66,0.24%,WC catalyst,44,High,Stable (proxy),No,"Medium (inferred)",Tier 2,Medium,55,"82,546 impressions at pos 14.66 [_top-pages.csv row 71]; Mbappé tailwind candidate for player-spotlight v2 test.",
Spain,/collections/spain,transactional,"n/a per-collection; Apparel category $813,198",184,85593,18.73,0.21%,WC catalyst,46,High,Stable (proxy),No,"Medium (inferred)",Tier 2,Medium,54,"85,593 impressions at pos 18.73 [_top-pages.csv row 78]; Lamine Yamal tailwind; /collections/spain-jerseys-copy duplicate flagged [Phase 2 Task 1] for Technical SEO cleanup.",
Portugal,/collections/portugal,transactional,"n/a per-collection; Apparel category $813,198",207,69695,18.43,0.3%,WC catalyst,44,High,Stable (proxy),No,"Medium (inferred)",Tier 2,Medium,52,"69,695 impressions at pos 18.43 [_top-pages.csv row 68]; Cristiano + Seleção queries; existing Cristiano Ronaldo collection ranks pos 19.85 [_top-pages.csv row 29].",
Brazil,/collections/brazil,transactional,"n/a per-collection; Apparel category $813,198",157,75531,22.09,0.21%,WC catalyst,44,High,Stable (proxy),No,"Medium (inferred)",Tier 2,Medium,50,"75,531 impressions at pos 22.09 [_top-pages.csv row 92]; Vinicius-Brazil player-spotlight v2 test candidate; January audit value $278K.",
Colombia,/collections/colombia,transactional,"n/a per-collection; Apparel category $813,198",252,52670,18.11,0.48%,WC catalyst + LA-diaspora year-round,46,High,Stable (proxy),No,"Medium (inferred)",Tier 2,Medium,52,"52,670 impressions at pos 18.11 [_top-pages.csv row 56]; solid Latin American diaspora page for LA market.",
Croatia,/collections/croatia,transactional,"n/a per-collection; Apparel category $813,198",156,24330,18.35,0.64%,WC catalyst,11,Low (FAILS 15-product gate by 4),Stable (proxy),No,"Medium-Low (inferred; small player pool)",Tier 3 — Inventory-Light,Medium,45,"Score sub-50 (45) and inventory below the 15-product gate (11 products [Phase 2 Task 1]); high-intent at pos 18.35 with 24,330 impressions [_top-pages.csv row 94]. Treatment matches Honduras pattern: meta polish only.","Reassess if inventory grows past 15 products."
Austria,/collections/austria,transactional,"n/a per-collection; Apparel category $813,198",50,6424,8.84,0.78%,WC catalyst,10,Low (FAILS 15-product gate by 5),Stable (proxy),No,"Medium-Low (inferred)",Tier 3 — Inventory-Light,Medium,38,"Score sub-50 (38) and inventory below the 15-product gate (10 products [Phase 2 Task 1]); page 1 at pos 8.84 with only 6,424 impressions [_top-pages.csv row 256]; small audience also limits downside.","Treatment matches Honduras pattern: meta polish only, no heavy investment."
Chile,/collections/chile,transactional,"n/a per-collection; Apparel category $813,198",88,23646,10.96,0.37%,WC catalyst,unknown (Cloudflare 429 in Phase 2),Unknown,Unknown,No,"Medium-Low (inferred)",Tier 2,Low,42,"Page 1 at pos 10.96 with 23,646 impressions [_top-pages.csv row 155]; Phase 2 crawl was Cloudflare-rate-limited so inventory state is unknown. Re-crawl needed before firmer tier call.","Page exists and performs; crawl gap is a Technical SEO follow-up."
Belgium,/collections/belgium,transactional,"n/a per-collection; Apparel category $813,198",83,49840,18.35,0.17%,WC catalyst,30,High,Stable (proxy),No,"Medium-Low (inferred)",Tier 2,Low,42,"49,840 impressions at pos 18.35 [_top-pages.csv row 166]; deep inventory; CTR is the primary lever.",
England,/collections/england,transactional,"n/a per-collection; Apparel category $813,198",79,53522,22.48,0.15%,WC catalyst,44,High,Stable (proxy),No,"Medium (inferred; HIGH paid competition)",Tier 2,Low,42,"53,522 impressions at pos 22.48 [_top-pages.csv row 175]; deep inventory; further from page 1.",
Club Jerseys cluster (v2 candidate),"/collections/jerseys; /collections/official-licensed-jerseys; specific clubs (Real Madrid, Barcelona, Manchester City, Liverpool, Bayern, PSG, Juventus, Inter Miami, LA Galaxy, LAFC)",transactional,"n/a per-cluster; Apparel category $813,198",1283 (jerseys + official-licensed),300810 (jerseys + official-licensed),28.4 (cluster avg),0.43% (cluster avg),Year-round; release-calendar driven (annual home/away/third drops),proxy via collection scan,Medium-High (inferred — major-club catalogs deep),Stable (proxy),No,"Low to Medium (Real Madrid jersey 74,000/mo volume KD=5 confirmed by DFS; arsenal 76 clicks pos 21.61; chelsea 64 clicks pos 19.1)",Tier 2 (v2 expansion),Medium,n/a (cluster row),"Goal 1 explicitly names club jerseys as compounding category [06-business-goals.md]. Real Madrid jersey KD=5 [DFS confirmed 2026-04-26] is more reachable than expected; Adidas/RM-direct still dominate top positions but retailer rank is realistic at lower positions. v2 expansion target Q3 2026.","Splitting into per-club rows in v2 once PDP-readiness audited."
Position-Specific Cleats Content,"/blogs/footwear/best-soccer-cleats-(defenders|midfielders|strikers|wide-feet|kids); /blogs/reviews/2025-best-soccer-cleats-by-field-position",informational + commercial,"Footwear category $978,690 indirect contribution",3027 (6 blog cluster),688436 (6 blog cluster),13.40 (impression-weighted),0.44% (cluster total),Year-round; back-to-school spike Jul-Sep,n/a (content asset),n/a,n/a,No,"Medium (HIGH paid competition; KD not queried; ProSoccer already ranking strong)",Tier 2 (content asset),High,n/a (cluster row),"Combined 3,027 clicks across 6 position-and-feature blogs already on page 1 or page 2 [_top-pages.csv rows 15, 18, 22, 30, 36, 40]; matches Jennifer's wide-foot pain frame [04-customer-avatars.md] and Tyler's pro-tier specificity. Maintenance posture not heavy-lift. Goalkeeper cleats blog is counted in the separate Goalkeeper cluster row.","Asset cluster, not collection. Cross-feeds Cleats category page work."
Ecuador (net-new collection page candidate),/collections/ecuador (proposed; does not exist),commercial,n/a (no page),0,0,n/a,n/a,Year-round LA-diaspora question,0 (no page),n/a,n/a,n/a,"Unknown (no DFS query run; net-new page question)",Hypothesis (Gap),Low,n/a,"No /collections/ecuador exists [Phase 2 Task 1]; question is whether Ecuadorian-diaspora demand exists in GSC at a level that justifies net-new collection page work. Validation requires GSC query-level filter on ""ecuador"" + ""ecuadorian"" + ""tricolor"" against ProSoccer top-queries; not run in this matrix session.","Surface in matrix v2 with GSC validation outcome."
Peru (net-new collection page candidate),/collections/peru (proposed; does not exist),commercial,n/a (no page),0,0,n/a,n/a,Year-round LA-diaspora question,0 (no page),n/a,n/a,n/a,"Unknown (no DFS query run; net-new page question)",Hypothesis (Gap),Low,n/a,"No /collections/peru exists [Phase 2 Task 1]; same pattern as Ecuador. Validation requires GSC query check on ""peru"" + ""peruvian"" + ""blanquirroja""; not run in this matrix session.","Pair with Ecuador for v2 decision."
Legacy Long-Slug National Pages (collective),"/collections/(algeria|ghana|senegal|sweden|new-zealand|scotland|australia)-national-soccer-team-jerseys-apparel",transactional,"n/a per-page; combined small-segment Apparel share",low individually,low individually,unknown (most absent from top-pages.csv slice),unknown,Year-round,2-8 each (FAILS 15-product gate),Low,Aged (proxy),No,"Low-Medium (inferred; small)",Tier 3 — Legacy Slug,Medium,n/a,"7 long-slug pages on /collections/{country}-national-soccer-team-jerseys-apparel pattern [Phase 2 Task 1]; 2 to 8 products each; all fail 15-product gate. Recommend (a) consolidate to short-slug /collections/{country} where short-slug exists, or (b) noindex; this is Technical SEO scope, KIRA flags only.","Technical SEO follow-up; not a keyword-priority decision."
